Series Name,Series Code,Country Name,Country Code,2010 [YR2010],2011 [YR2011],2012 [YR2012],2013 [YR2013],2014 [YR2014],2015 [YR2015],2016 [YR2016],2017 [YR2017],2018 [YR2018],2019 [YR2019],2020 [YR2020],2021 [YR2021],2022 [YR2022]
CO2 emissions (kt),EN.ATM.CO2E.KT,Afghanistan,AFG,8576.15,11961.89,10208.13,9402.05,9281.34,10057.59,9294.93,10022.78,10972.38,11238.83,8709.47,..,..
CO2 emissions (kt),EN.ATM.CO2E.KT,Albania,ALB,4785.4,5136.7,4541.8,4795.4,5188,4797,4573.2,5403.7,5316.1,4993.3,4383.2,..,..
CO2 emissions (kt),EN.ATM.CO2E.KT,Algeria,DZA,114179.4,120784.9,134934.2,139024.1,147735.2,156273,154654.3,157704.4,164534.1,170582.4,161563,..,..
CO2 emissions (kt),EN.ATM.CO2E.KT,American Samoa,ASM,..,..,..,..,..,..,..,..,..,..,..,..,..
CO2 emissions (kt),EN.ATM.CO2E.KT,Andorra,AND,516.624,490.976,487.312,476.32,461.664,465.328,468.992,465.328,494.64,479.984,448.884399,..,..
CO2 emissions (kt),EN.ATM.CO2E.KT,Angola,AGO,22801.5,23865.8,23868,26958.7,29610.5,31648.9,29520.7,25064.8,23637.4,24382.9,19814.5,..,..
CO2 emissions (kt),EN.ATM.CO2E.KT,Antigua and Barbuda,ATG,465.8,456.1,469.9,472.9,476.6,490.2,500.5,500.1,508.6,509,474.6,..,..
CO2 emissions (kt),EN.ATM.CO2E.KT,Argentina,ARG,167226.3,176641.6,177955.3,183255.7,179600.7,185550,183158.7,179267.3,176894.6,168162,154535.9,..,..
CO2 emissions (kt),EN.ATM.CO2E.KT,Armenia,ARM,4336.6,4937.1,5716.5,5501.5,5479,5343.4,5066.7,5371.3,5712.2,6195.6,6746.6,..,..
CO2 emissions (kt),EN.ATM.CO2E.KT,Aruba,ABW,..,..,..,..,..,..,..,..,..,..,..,..,..
CO2 emissions (kt),EN.ATM.CO2E.KT,Australia,AUS,395993.2,394436.7,395690,388427.4,379267.2,385782.4,394803.6,397149.4,396059.9,395199.1,378996.8,..,..
CO2 emissions (kt),EN.ATM.CO2E.KT,Austria,AUT,69965.1,68276,65112,65752.7,62054.5,63254.7,63697.1,65867.7,63131.4,64497.8,59142.4,..,..
CO2 emissions (kt),EN.ATM.CO2E.KT,Azerbaijan,AZE,24311.9,27282.1,30110.6,30939.6,32243.4,31773.3,32239.4,31957,32728.1,35521,34305,..,..
CO2 emissions (kt),EN.ATM.CO2E.KT,"Bahamas, The",BHS,1979.4,2183,2394.3,2805.4,2518.9,2207.4,2040.7,2170.2,2795.4,2622.7,2456,..,..
CO2 emissions (kt),EN.ATM.CO2E.KT,Bahrain,BHR,25965.7,26017.6,27174.2,28853,30282.7,30492.4,30301.1,30514.9,30844.4,32966.8,32470.2,..,..
CO2 emissions (kt),EN.ATM.CO2E.KT,Bangladesh,BGD,50487.6,54309.9,58985.2,62965.7,66313.1,73156.9,81128.9,87658,95944.6,92645,85493.1,..,..
CO2 emissions (kt),EN.ATM.CO2E.KT,Barbados,BRB,1481.5,1516.25,1467.62,1439.47,1282.07,1269.57,1290.77,1179.97,1270.17,1167.27,1096.07,..,..
CO2 emissions (kt),EN.ATM.CO2E.KT,Belarus,BLR,61443.7,58325.8,59738.3,59891.2,59431.8,54871.3,55201.4,56247,59271.6,57681.2,54801.5,..,..
CO2 emissions (kt),EN.ATM.CO2E.KT,Belgium,BEL,106872.8,96488.2,95275.6,96550.6,90362.4,95096,94171.6,92587.4,93523.2,92989.4,85364.1,..,..
CO2 emissions (kt),EN.ATM.CO2E.KT,Belize,BLZ,531.2,573.4,465.3,457.4,483.7,675.1,651.3,643.1,630,736.2,687.6,..,..
CO2 emissions (kt),EN.ATM.CO2E.KT,Benin,BEN,4825.1,4652.6,4444.7,4676.4,5186.1,5505.6,6739,6876.2,7604,7475.5,7980.4,..,..
CO2 emissions (kt),EN.ATM.CO2E.KT,Bermuda,BMU,..,..,..,..,..,..,..,..,..,..,..,..,..
CO2 emissions (kt),EN.ATM.CO2E.KT,Bhutan,BTN,493.18,744.2,833.9,908,1012.4,1042.1,1228.4,1309.5,1454.3,1433,1035.2,..,..
CO2 emissions (kt),EN.ATM.CO2E.KT,Bolivia,BOL,14702.2,15991.7,16961,18123.9,19478.3,20002.9,21328.7,21628.2,21881.2,21828.8,18375.3,..,..
CO2 emissions (kt),EN.ATM.CO2E.KT,Bosnia and Herzegovina,BIH,20842.5,23738.2,21960.2,21847.8,19506.8,19629,22356.6,22692.7,22615.8,21124.3,20946.8,..,..
CO2 emissions (kt),EN.ATM.CO2E.KT,Botswana,BWA,3371.7,3883.337,3414.335,5421.539,6988.912,6949.712,6629.312,7337.512,8061.3875,7198.3,5763.687,..,..
CO2 emissions (kt),EN.ATM.CO2E.KT,Brazil,BRA,397931.1,418295.4,454232.9,486844.7,511618,485344.1,447077.3,455684.8,433838.8,434318,414138.8,..,..
CO2 emissions (kt),EN.ATM.CO2E.KT,British Virgin Islands,VGB,..,..,..,..,..,..,..,..,..,..,..,..,..
CO2 emissions (kt),EN.ATM.CO2E.KT,Brunei Darussalam,BRN,7170.8,7332.7,7299.5,7208.8,7080.3,6397.7,6968.5,7290.2,7540,7057.8,9588,..,..
CO2 emissions (kt),EN.ATM.CO2E.KT,Bulgaria,BGR,44740.6,49637.6,45023.1,39660.7,42054.4,44556.5,41586.7,43885.1,40898.2,39159.9,34138.1,..,..
CO2 emissions (kt),EN.ATM.CO2E.KT,Burkina Faso,BFA,2094.3,2200.4,2693,2947,2997,3801.8,3997.8,4625.2,5147.7,5646.5,5456.7,..,..
CO2 emissions (kt),EN.ATM.CO2E.KT,Burundi,BDI,323.3,359.3,364.2,366.4,364.8,366.8,442,529.1,664.9,707.4,713.466,..,..
CO2 emissions (kt),EN.ATM.CO2E.KT,Cabo Verde,CPV,540.7,566.8,525.6,502,496.4,499.9,542.9,584.7,594.7,617.2,620.6,..,..
CO2 emissions (kt),EN.ATM.CO2E.KT,Cambodia,KHM,5140.8,5363.7,5673.9,5737.6,6947.2,8432.6,11066.4,12660.5,13555.7,18093.2,18652.8,..,..
CO2 emissions (kt),EN.ATM.CO2E.KT,Cameroon,CMR,7014.4,6801.5,6866.7,7526.8,8222.8,8500.2,8974.7,9076,9749.7,9557.3,9928.4,..,..
CO2 emissions (kt),EN.ATM.CO2E.KT,Canada,CAN,537091.5,549369.9,546291.6,555742.4,561760.5,558747.2,556874.1,568175.9,579573.9,566001.8,516873.7,..,..
CO2 emissions (kt),EN.ATM.CO2E.KT,Cayman Islands,CYM,..,..,..,..,..,..,..,..,..,..,..,..,..
CO2 emissions (kt),EN.ATM.CO2E.KT,Central African Republic,CAF,174.8,194.2,197.2,120.6,130.4,184.4,206.4,222.4,229.1,235.4,236.6,..,..
CO2 emissions (kt),EN.ATM.CO2E.KT,Chad,TCD,1190,1003.6649,1233.73,1487.26,1483.1,1478.55,1469.87,1488.2,1557.4,1583.6,1568.4,..,..
CO2 emissions (kt),EN.ATM.CO2E.KT,Channel Islands,CHI,..,..,..,..,..,..,..,..,..,..,..,..,..
CO2 emissions (kt),EN.ATM.CO2E.KT,Chile,CHL,69749.1,76470.5,78412.6,82998.5,76560.3,82260.4,86504.7,87136.9,86581.3,91915.4,84827.8,..,..
CO2 emissions (kt),EN.ATM.CO2E.KT,China,CHN,8474922.7,9282553.7,9540539.7,9979128,10021043.4,9859281.2,9860914,10089273.2,10567262,10762824,10944686.2,..,..
CO2 emissions (kt),EN.ATM.CO2E.KT,Colombia,COL,64146.1,69771.1,70223.2,77725.4,80091,81017.2,83526.2,75674,79355.2,79186.7,79057.6,..,..
CO2 emissions (kt),EN.ATM.CO2E.KT,Comoros,COM,167.8,150,160.1,192.2,171.9,185.9,217.9,279,302.7,326.2,328.2,..,..
CO2 emissions (kt),EN.ATM.CO2E.KT,"Congo, Dem. Rep.",COD,2653.9,3016.9,2827.3,3959.5,5136.1,3231.4,2421.14,2845,2813.9,3031.2,3025.6,..,..
CO2 emissions (kt),EN.ATM.CO2E.KT,"Congo, Rep.",COG,5423.35,5383.97,5260.75,5311.61,5175.1,5655,5497.6,5406.7,6216.9,7006.1,7153.9,..,..
CO2 emissions (kt),EN.ATM.CO2E.KT,Costa Rica,CRI,7105.5,7430.8,7446.7,7778.7,7832.3,7537.9,8008.9,8173.5,8166.6,7956.4,6967.4,..,..
CO2 emissions (kt),EN.ATM.CO2E.KT,Cote d'Ivoire,CIV,6350.6,6118.3,8037.7,8692.4,9196.9,9805.7,9593.5,10563.8,10194.8,10838.9,10894.9,..,..
CO2 emissions (kt),EN.ATM.CO2E.KT,Croatia,HRV,19457.3,19027.6,17403,17010.6,16236.4,16602.3,16876.8,17407.9,16433.4,16523.3,15626.9,..,..
CO2 emissions (kt),EN.ATM.CO2E.KT,Cuba,CUB,28110,27586.3,28690.9,28869.7,26677.1,29209.8,27176.4,26241.3,26674.6,24418.5,24327.8,..,..
CO2 emissions (kt),EN.ATM.CO2E.KT,Curacao,CUW,..,..,..,..,..,..,..,..,..,..,..,..,..
CO2 emissions (kt),EN.ATM.CO2E.KT,Cyprus,CYP,7898.4,7634.6,7098.8,6427.7,6811.8,6851.9,7219.2,7361.2,7198.6,7191,6771.8,..,..
CO2 emissions (kt),EN.ATM.CO2E.KT,Czechia,CZE,114167.6,111220.1,107320.2,102910.3,99960.6,101167.5,102998,103549.9,102734.3,97712.9,88835.2,..,..
CO2 emissions (kt),EN.ATM.CO2E.KT,Denmark,DNK,48124.8,43098,38216.2,39960.7,35820,33704.9,35340.3,33184,33133.3,29696.5,27356.5,..,..
CO2 emissions (kt),EN.ATM.CO2E.KT,Djibouti,DJI,519.1,474.9,492.6,558.79,402.17,446.55,395.47,403.4,414.9,428.27,427.7,..,..
CO2 emissions (kt),EN.ATM.CO2E.KT,Dominica,DMA,172.5,152.1,167,171.4,180,180.9,182.5,165.6,165.3,174.1,162.8,..,..
CO2 emissions (kt),EN.ATM.CO2E.KT,Dominican Republic,DOM,20680.8,20913.9,21681.5,21287.2,21450.7,23590.5,24593.5,23551.3,25366,25775.2,22881.3,..,..
CO2 emissions (kt),EN.ATM.CO2E.KT,Ecuador,ECU,37254,37096.6,37085.1,39701.1,41801.2,41390.3,39791.7,38549.3,40273.2,39631.4,34431,..,..
CO2 emissions (kt),EN.ATM.CO2E.KT,"Egypt, Arab Rep.",EGY,200313.3,205767.3,215000.9,213856.4,219121.1,226283.6,235425.8,244540.5,237983,217908.3,210752.3,..,..
CO2 emissions (kt),EN.ATM.CO2E.KT,El Salvador,SLV,6539.2,6778.7,6771.6,6455.8,6592.2,6997.6,7125.1,6344.9,6844.9,7912.7,6376.3,..,..
CO2 emissions (kt),EN.ATM.CO2E.KT,Equatorial Guinea,GNQ,6047.8,6089.1,5868.9,5990,5946.6,5494.2,5830.1,5369.3,5068.5,4876.5,4350.4,..,..
CO2 emissions (kt),EN.ATM.CO2E.KT,Eritrea,ERI,502.95,595.89,625.34,589.43,592.22,570.9,580.5,581.47,677.7,697.2,706.4,..,..
CO2 emissions (kt),EN.ATM.CO2E.KT,Estonia,EST,18500.4,18502.6,16989,18846.5,17594.9,14377.1,15907.2,16773.5,15716.9,10060.7,7097.52,..,..
CO2 emissions (kt),EN.ATM.CO2E.KT,Eswatini,SWZ,849.2,814.9,806.3,957,977.4,1015.9,1116,1105.8,1105.8,1169.5,1147.7,..,..
CO2 emissions (kt),EN.ATM.CO2E.KT,Ethiopia,ETH,6473.2,7551.5,8559,10190.8,12490.3,13046.3,15247.2,15882.4,17028.4,17708,18098,..,..
CO2 emissions (kt),EN.ATM.CO2E.KT,Faroe Islands,FRO,..,..,..,..,..,..,..,..,..,..,..,..,..
CO2 emissions (kt),EN.ATM.CO2E.KT,Fiji,FJI,1126.3,1055.8,993.5,1066.9,1213.6,1263.8,1198.6,1331.1,1387.2,1393.5,1028.2,..,..
CO2 emissions (kt),EN.ATM.CO2E.KT,Finland,FIN,62526.4,55123.4,49408.1,50191.3,46161.7,42815.4,45700.3,43015.4,44395.5,40987.1,36329.9,..,..
CO2 emissions (kt),EN.ATM.CO2E.KT,France,FRA,347940.1,335031.9,338315.4,338453.1,306017.4,311175.4,313835.2,317721.2,306948.4,300561.6,267154.7,..,..
CO2 emissions (kt),EN.ATM.CO2E.KT,French Polynesia,PYF,..,..,..,..,..,..,..,..,..,..,..,..,..
CO2 emissions (kt),EN.ATM.CO2E.KT,Gabon,GAB,5762.09,5777.14,5601.97,5790.27,5962.05,6115.8,6383.7,5344.7,5120.4,5274.5,5349.2,..,..
CO2 emissions (kt),EN.ATM.CO2E.KT,"Gambia, The",GMB,434.2,446.9,452.9,430.6,506.8,585.9,593.2,602.3,597.8,606.9,611.4,..,..
CO2 emissions (kt),EN.ATM.CO2E.KT,Georgia,GEO,5322.1,6521.8,7193,8024,8654,9399.4,9813.6,9907.1,9725.2,10549.6,10255,..,..
CO2 emissions (kt),EN.ATM.CO2E.KT,Germany,DEU,773069.1,746477.3,760127.7,776151.8,736011.7,742314.4,747147.2,732204.2,707770.2,658693.5,603350.5,..,..
CO2 emissions (kt),EN.ATM.CO2E.KT,Ghana,GHA,10382.6,10803.1,12876.5,13899.7,13366.7,14320.7,14545.3,15135,16774.9,18039.1,19401.16,..,..
CO2 emissions (kt),EN.ATM.CO2E.KT,Gibraltar,GIB,..,..,..,..,..,..,..,..,..,..,..,..,..
CO2 emissions (kt),EN.ATM.CO2E.KT,Greece,GRC,87578.5,84547.2,80085.3,72484.2,69548.7,68010.2,66848.6,66795.5,65021.2,59990.3,51002.2,..,..
CO2 emissions (kt),EN.ATM.CO2E.KT,Greenland,GRL,..,..,..,..,..,..,..,..,..,..,..,..,..
CO2 emissions (kt),EN.ATM.CO2E.KT,Grenada,GRD,273.6,260.3,278.6,317.1,253.5,272.6,277.4,287.5,320.3,346.2,324.5,..,..
CO2 emissions (kt),EN.ATM.CO2E.KT,Guam,GUM,..,..,..,..,..,..,..,..,..,..,..,..,..
CO2 emissions (kt),EN.ATM.CO2E.KT,Guatemala,GTM,11477.6,11774.9,12183.7,13046.3,13998.5,16455.9,17451.9,16530.1,18075.7,19017.8,16865.2,..,..
CO2 emissions (kt),EN.ATM.CO2E.KT,Guinea,GIN,2502.8,2621.7,2468.8,2160,2225.7,2522.3,2806.5,3321.6,3735,4517,4537.9,..,..
CO2 emissions (kt),EN.ATM.CO2E.KT,Guinea-Bissau,GNB,241,243.5,246,247.4,263.6,281.9,305,306.6,317.8,325.3,329,..,..
CO2 emissions (kt),EN.ATM.CO2E.KT,Guyana,GUY,1759.3,1831.6,2000.8,1975.6,2063.3886,2079.93,2478.6,2473.8,2587.1,2795.9,2768.5,..,..
CO2 emissions (kt),EN.ATM.CO2E.KT,Haiti,HTI,2458.2,2697.54,2415.34,2650.86,3021.14,3280.44,3364.54,3326.24,3289.74,3317.34,3209.04,..,..
CO2 emissions (kt),EN.ATM.CO2E.KT,Honduras,HND,7926.8,9470.4,9985.4,9685,9884.1,10538.2,10394.7,9377,9031.3,10196.4,8835.4,..,..
CO2 emissions (kt),EN.ATM.CO2E.KT,"Hong Kong SAR, China",HKG,..,..,..,..,..,..,..,..,..,..,..,..,..
CO2 emissions (kt),EN.ATM.CO2E.KT,Hungary,HUN,47880.5,46907.3,43427.2,40762.6,40625.2,43384.1,44248.4,49449.8,49202.9,47261.8,44769.3,..,..
CO2 emissions (kt),EN.ATM.CO2E.KT,Iceland,ISL,1959.124,1888.35,1859.9,2031.8,2047.5,2057.5,1633,1671,1699.3,1638.2,1446.6,..,..
CO2 emissions (kt),EN.ATM.CO2E.KT,India,IND,1659983,1756744,1909442,1972429.4,2147107,2158023.2,2195248.5,2308804.4,2458175.9,2423951.4,2200836.3,..,..
CO2 emissions (kt),EN.ATM.CO2E.KT,Indonesia,IDN,415536.6,475800.9,481791.3,448400.2,484640.1,489052.8,483978.7,515395.7,568007.6,605290.6,563197,..,..
CO2 emissions (kt),EN.ATM.CO2E.KT,"Iran, Islamic Rep.",IRN,541171.1,552050.9,559122.1,583703.1,605356.1,599182.7,607216.3,626427.9,637433.7,625251.5,616561.3,..,..
CO2 emissions (kt),EN.ATM.CO2E.KT,Iraq,IRQ,108550.3,113039.8,129004.3,139103.6,134045.9,133169.7,143281.1,156456.4,168154.3,180687.6,163511.5,..,..
CO2 emissions (kt),EN.ATM.CO2E.KT,Ireland,IRL,40347.7,36488.1,37009.5,35688.2,35556.5,37087.2,39009.8,37729.1,37473.6,35812.2,33742.2,..,..
CO2 emissions (kt),EN.ATM.CO2E.KT,Isle of Man,IMN,..,..,..,..,..,..,..,..,..,..,..,..,..
CO2 emissions (kt),EN.ATM.CO2E.KT,Israel,ISR,70520.3,69822.8,76063.2,67002.5,64717.8,66314.7,65233,65906.3,61424.5,62796.3,58471.8,..,..
CO2 emissions (kt),EN.ATM.CO2E.KT,Italy,ITA,405272.3,396687.4,376747.2,346458.3,327498,337862.1,333344.8,329193.3,324884.2,317223,281286.8,..,..
CO2 emissions (kt),EN.ATM.CO2E.KT,Jamaica,JAM,7479.8,7529.4,6959,7402.3,7191.3,7088.7,7549.5,7225,8589,8394.3,5835.6,..,..
CO2 emissions (kt),EN.ATM.CO2E.KT,Japan,JPN,1157241.8,1213775.6,1254319.4,1267376.2,1217306.6,1178349.1,1164869.4,1150835,1111115.3,1073645.3,1014064.7,..,..
CO2 emissions (kt),EN.ATM.CO2E.KT,Jordan,JOR,20196.8,20756.3,24123.3,23803.7,25553.1,25309.1,24730,26021.8,24710,23147.9,20974.1,..,..
CO2 emissions (kt),EN.ATM.CO2E.KT,Kazakhstan,KAZ,229702.2,245455.3,244599,260015.4,209261.3,191059.6,202475.7,214897.7,216896.7,204592.2,211896.7,..,..
CO2 emissions (kt),EN.ATM.CO2E.KT,Kenya,KEN,13424.4,13963.9,12981.3,14387.7,16700,18090.3,19310.1,20097.2,19253.9,19481.9,19446.8,..,..
CO2 emissions (kt),EN.ATM.CO2E.KT,Kiribati,KIR,54.3,54.2,57.7,63.8,60.1,60.7,56.7,72.7,73.2,73.6,56.9,..,..
CO2 emissions (kt),EN.ATM.CO2E.KT,"Korea, Dem. People's Rep.",PRK,51689.8,37098.9,38483.4,27629.1,31223.3,25101.5,28127.7,54286,50121.3,55548.4,52437.2,..,..
CO2 emissions (kt),EN.ATM.CO2E.KT,"Korea, Rep.",KOR,575215.7,598480.8,600316.3,599601.4,588088.6,607827.1,615443.6,626178.4,630186.6,612133.7,569681.8,..,..
CO2 emissions (kt),EN.ATM.CO2E.KT,Kosovo,XKX,..,..,..,..,..,..,..,..,..,..,..,..,..
CO2 emissions (kt),EN.ATM.CO2E.KT,Kuwait,KWT,80725.6,83291.1,85316.1,87363.8,85576,89021.7,91376.2,90378.3,92652.1,93863.6,92308.9,..,..
CO2 emissions (kt),EN.ATM.CO2E.KT,Kyrgyz Republic,KGZ,6394.4,7690.4,10146,9455,9848.5,10266.6,9675.6,9439,11306.8,10017.4,9080.1,..,..
CO2 emissions (kt),EN.ATM.CO2E.KT,Lao PDR,LAO,2877.1,3043,3271.9,4160.8,4344.5,8875.9,15702.2,19054.5,19663.8,19170.9,19178.9,..,..
CO2 emissions (kt),EN.ATM.CO2E.KT,Latvia,LVA,8518.1,7897.3,7570.7,7452.4,7282.3,7315.9,7145.3,7116.7,7785.2,7569.1,6928.3,..,..
CO2 emissions (kt),EN.ATM.CO2E.KT,Lebanon,LBN,20864.3,21175.1,23470.1,23244.5,25151,27016.8,27755.1,29170.9,27401.3,26916.5,21474.9,..,..
CO2 emissions (kt),EN.ATM.CO2E.KT,Lesotho,LSO,2158.8,2885.2,2919.6,2206.5,2349,2144.2,2126.2,2402.3,2276.6,2300.1,2311.9,..,..
CO2 emissions (kt),EN.ATM.CO2E.KT,Liberia,LBR,729.76,848.18,944.15,905.21,1205.1,1247.8,1397.89,1268.4,1126.6,1146.2,1179.5,..,..
CO2 emissions (kt),EN.ATM.CO2E.KT,Libya,LBY,59559.6,41506.4,58315.1,59767.3,59289.1,51331.2,48694.8,52095.1,54100.1,54692.7,44467,..,..
CO2 emissions (kt),EN.ATM.CO2E.KT,Liechtenstein,LIE,190.830439,176.781993,185.325447,192.544887,161.25917,159.773794,149.838256,155.769397,142.950403,149.025716,141.996093,..,..
CO2 emissions (kt),EN.ATM.CO2E.KT,Lithuania,LTU,12603,11845.6,11925.8,11331.1,10862.9,11067.4,11203.1,11222.2,11652.5,11735.8,11693.8,..,..
CO2 emissions (kt),EN.ATM.CO2E.KT,Luxembourg,LUX,11029.1,10906.8,10698,10173.3,9643.2,9133.4,8845.9,9006.5,9320.8,9500.3,7853.1,..,..
CO2 emissions (kt),EN.ATM.CO2E.KT,"Macao SAR, China",MAC,..,..,..,..,..,..,..,..,..,..,..,..,..
CO2 emissions (kt),EN.ATM.CO2E.KT,Madagascar,MDG,1869.8,2193.89,2741.74,2930.23,3010.62,3284.62,3181.72,3481,3304.87,3927.7,2745.45,..,..
CO2 emissions (kt),EN.ATM.CO2E.KT,Malawi,MWI,984.46,1072.59,1076.42,1154.33,1045.6,1089.52,1223.57,1394.6,1609.4,1643.7,1640,..,..
CO2 emissions (kt),EN.ATM.CO2E.KT,Malaysia,MYS,199867,202401.3,205415.8,223086.5,236264.6,236229.4,231669.4,225104.1,241451.4,244882,245139.3,..,..
CO2 emissions (kt),EN.ATM.CO2E.KT,Maldives,MDV,963,1012.8,1144.6,1128.5,1355.2,1339.3,1465.9,1546.1,1776.1,1999.5,1454,..,..
CO2 emissions (kt),EN.ATM.CO2E.KT,Mali,MLI,2154,2346.7,2510.7,2813.6,3174.4,3343.8,3408.6,3629.8,3867.9,3937.4,4150.7,..,..
CO2 emissions (kt),EN.ATM.CO2E.KT,Malta,MLT,2586.6,2573.1,2715.6,2371.5,2356.3,1657.1,1352.3,1521.2,1552.5,1658.6,1610.7,..,..
CO2 emissions (kt),EN.ATM.CO2E.KT,Marshall Islands,MHL,140.8,141.1,139,142.3,144.1,146.3,146.5,149.3,151.1,152.3,110,..,..
CO2 emissions (kt),EN.ATM.CO2E.KT,Mauritania,MRT,2073.7,2182.9,2355.4,2101.2,2534.5,2966.5,2584.2,3408.3,3716.1,3824.8,3847.1,..,..
CO2 emissions (kt),EN.ATM.CO2E.KT,Mauritius,MUS,3661.8,3639,3725,3818,3949.4,3960.9,4035.5,4174.4,4133.9,4173.7,3720.2,..,..
CO2 emissions (kt),EN.ATM.CO2E.KT,Mexico,MEX,462869.5,478403.5,486454.2,475737.5,462240.1,471632.6,476394.6,474498.5,444898.4,451828.8,383131.4,..,..
CO2 emissions (kt),EN.ATM.CO2E.KT,"Micronesia, Fed. Sts.",FSM,105.2,119.3,132.4,138.5,141,144.9,147.1,146.7,147.8,148.2,107.5,..,..
CO2 emissions (kt),EN.ATM.CO2E.KT,Moldova,MDA,8295.1,8344.5,8137.3,7181.5,7712.2,8020.6,8143,8064,8555.9,8921.6,8611.2,..,..
CO2 emissions (kt),EN.ATM.CO2E.KT,Monaco,MCO,..,..,..,..,..,..,..,..,..,..,..,..,..
CO2 emissions (kt),EN.ATM.CO2E.KT,Mongolia,MNG,14311.1,15729.4,17141.5,18384.13,18122,17300.6,18172.8,19575.5,21545.7,23146.9,21184.7,..,..
CO2 emissions (kt),EN.ATM.CO2E.KT,Montenegro,MNE,2584.2,2535.9,2331.6,2267.3,2218.4,2359.1,2150.7,2267,2500.3,2601.1,2527.2,..,..
CO2 emissions (kt),EN.ATM.CO2E.KT,Morocco,MAR,51749.5,55923.5,58076,57595.5,58691.7,60362.5,60289.9,63014.9,64286.1,70986.3,66719.5,..,..
CO2 emissions (kt),EN.ATM.CO2E.KT,Mozambique,MOZ,2680.6,3294.3,3640.8,4150.5,4823.3,5478.3,7243.8,7162.3,6875.1,7530.2,6945.5,..,..
CO2 emissions (kt),EN.ATM.CO2E.KT,Myanmar,MMR,8131.3,8692.9,11964,13592.5,17034.8,19034,21860.8,32497,32784.5,33995,33874.6,..,..
CO2 emissions (kt),EN.ATM.CO2E.KT,Namibia,NAM,3103.5,3303.8,3507.4,3762.4,3932.1,4137.3,4152,4224,4279.3,4316.3,3952.8,..,..
CO2 emissions (kt),EN.ATM.CO2E.KT,Nauru,NRU,42.7,40.1,42.1,47.3,50.6,54.5,52.7,56,54,53.4,41.4,..,..
CO2 emissions (kt),EN.ATM.CO2E.KT,Nepal,NPL,4640.9,5199.2,5997.8,6087.8,7132.2,7186.2,10735.7,13265.3,15139.4,13860.5,14949.2,..,..
CO2 emissions (kt),EN.ATM.CO2E.KT,Netherlands,NLD,171110.5,158768,157473.4,157090.2,149793.4,157376,158499.3,155710.9,151382.3,145939.237,130315.1,..,..
CO2 emissions (kt),EN.ATM.CO2E.KT,New Caledonia,NCL,..,..,..,..,..,..,..,..,..,..,..,..,..
CO2 emissions (kt),EN.ATM.CO2E.KT,New Zealand,NZL,31049.3,30290.6,32107.4,31885.5,31970.7,32281.2,31185.7,32927.4,32409,34008.2,31359.7,..,..
CO2 emissions (kt),EN.ATM.CO2E.KT,Nicaragua,NIC,4513.2,4766.2,4686,4473.3,4758.6,5286.7,5410.7,5428.9,5024.8,5131.9,4582.2,..,..
CO2 emissions (kt),EN.ATM.CO2E.KT,Niger,NER,1361.057,1399.44,1885.57,1975.01,2156.78,2111.59,2096.26,1901,1956.29,2159.15,2197.95,..,..
CO2 emissions (kt),EN.ATM.CO2E.KT,Nigeria,NGA,90055.2,94996.5,95335.3,108116.8,114815.5,107746.4,110817.5,108481.2,113633.1,119544.1,111978.1,..,..
CO2 emissions (kt),EN.ATM.CO2E.KT,North Macedonia,MKD,8329.6,9157.1,8798.9,7862.2,7442.9,7142.1,6962.7,7436.2,6950.6,7956.1,6796.7,..,..
CO2 emissions (kt),EN.ATM.CO2E.KT,Northern Mariana Islands,MNP,..,..,..,..,..,..,..,..,..,..,..,..,..
CO2 emissions (kt),EN.ATM.CO2E.KT,Norway,NOR,40116.4,39071.3,38770.1,39627,39643,40288.8,39578.4,39174.9,38571.5,37661.6,36177.4,..,..
CO2 emissions (kt),EN.ATM.CO2E.KT,Oman,OMN,47076.3,53620.2,60549.4,63015.4,66386.7,70131.7,72197.6,71633.2,75365,75744.8,71041.5,..,..
CO2 emissions (kt),EN.ATM.CO2E.KT,Pakistan,PAK,140378.6,141690,143819.1,145993.7,154235.2,164152.3,181113.3,198738.8,186865.6,184096.3,184111.2,..,..
CO2 emissions (kt),EN.ATM.CO2E.KT,Palau,PLW,214.8,212.6,222,221.1,217.8,200.9,207.9,213,211.9,217.4,158.2,..,..
CO2 emissions (kt),EN.ATM.CO2E.KT,Panama,PAN,9190.6,9994.1,10461.6,10252.3,10758.1,10609.9,10652.4,10136.4,9918.8,13099.9,9582.7,..,..
CO2 emissions (kt),EN.ATM.CO2E.KT,Papua New Guinea,PNG,5042,5179.5,4905.7,5224.5,5836.9,6369.7,6560.9,6504.3,7114,7467.5,5491.5,..,..
CO2 emissions (kt),EN.ATM.CO2E.KT,Paraguay,PRY,5043.3,5218,5177.4,5301.2,5628,6367.5,7192.6,7920.9,8360.1,8101.6,7575.7,..,..
CO2 emissions (kt),EN.ATM.CO2E.KT,Peru,PER,44998.5,48427.4,48120.6,49751.9,53167.8,54553.5,56860.3,54274.3,54589.9,56972.2,46578.9,..,..
CO2 emissions (kt),EN.ATM.CO2E.KT,Philippines,PHL,81917.8,82544.5,86165,95504.1,101822.5,110990.9,120895.1,133456.7,139119.1,145871.3,133471.3,..,..
CO2 emissions (kt),EN.ATM.CO2E.KT,Poland,POL,313739.1,310593.6,303351.4,298304.4,285730,289077.4,299802.4,312769.9,311754.9,294948.3,279223.8,..,..
CO2 emissions (kt),EN.ATM.CO2E.KT,Portugal,PRT,50937.3,49867.9,48220.3,46555.2,45931.1,49851.9,48695.2,53272.7,49461.2,44564.7,38973.5,..,..
CO2 emissions (kt),EN.ATM.CO2E.KT,Puerto Rico,PRI,..,..,..,..,..,..,..,..,..,..,..,..,..
CO2 emissions (kt),EN.ATM.CO2E.KT,Qatar,QAT,60912.1,68521.5,75430.1,76540.7,82167.8,85211.3,87066.7,87472.1,87099.4,89486.8,87578.3,..,..
CO2 emissions (kt),EN.ATM.CO2E.KT,Romania,ROU,77601.9,84049.5,81843.8,72090.6,71539,73314.4,71585.2,74208.1,75190.2,73942.8,68664,..,..
CO2 emissions (kt),EN.ATM.CO2E.KT,Russian Federation,RUS,1617827.5,1699083.2,1675755.9,1632679.7,1611960.7,1592559.4,1571517.3,1594550.3,1661000,1703588.7,1618271,..,..
CO2 emissions (kt),EN.ATM.CO2E.KT,Rwanda,RWA,703.68,736.07,814.13,903.69,923.92,1080.44,1148,1255.5,1403.4,1451.1,1382,..,..
CO2 emissions (kt),EN.ATM.CO2E.KT,Samoa,WSM,192.4,196,198.1,196.7,207.3,232.3,246.7,255.2,248.7,278.7,206.5,..,..
CO2 emissions (kt),EN.ATM.CO2E.KT,San Marino,SMR,..,..,..,..,..,..,..,..,..,..,..,..,..
CO2 emissions (kt),EN.ATM.CO2E.KT,Sao Tome and Principe,STP,102.8,100.5,118.7,121.3,119.2,123.6,128.7,134.4,137.5,140.2,141.1,..,..
CO2 emissions (kt),EN.ATM.CO2E.KT,Saudi Arabia,SAU,446131.5,463763.7,492467.1,503213.7,540520.2,565190.1,561229.7,549749.9,527565.7,526770.3,513555.8,..,..
CO2 emissions (kt),EN.ATM.CO2E.KT,Senegal,SEN,7026.2,7571.4,7454.6,8013,8572,9285.5,10132.8,9800.8,10176.6,12297.8,10680.2,..,..
CO2 emissions (kt),EN.ATM.CO2E.KT,Serbia,SRB,47103.9,51230.2,45790.2,46472.5,38980.7,45410.1,46635,47342.6,46192.4,46030.1,46324.3,..,..
CO2 emissions (kt),EN.ATM.CO2E.KT,Seychelles,SYC,443.7,408.2,423.7,412.2,456.7,499.8,565.6,570.7,602.3,595.3,598.7,..,..
CO2 emissions (kt),EN.ATM.CO2E.KT,Sierra Leone,SLE,560.2,734.9,854.7,1030.8,1137.6,1084.5,1170.8,1120,1043.7,1038.8,1048,..,..
CO2 emissions (kt),EN.ATM.CO2E.KT,Singapore,SGP,42413.6,44766.9,43692.3,43912.3,44398.5,45431.9,44969.8,47324.2,45212.1,45163.2,43705,..,..
CO2 emissions (kt),EN.ATM.CO2E.KT,Sint Maarten (Dutch part),SXM,..,..,..,..,..,..,..,..,..,..,..,..,..
CO2 emissions (kt),EN.ATM.CO2E.KT,Slovak Republic,SVK,35432.2,34116.9,32347.1,32920.4,30438.1,30753.7,31497.8,33576.5,33005.1,31032.5,29035.8,..,..
CO2 emissions (kt),EN.ATM.CO2E.KT,Slovenia,SVN,15777.2,15700.8,15123.6,14548.1,13112.7,13139.7,13903,14123.7,14072.9,13665,12477.3,..,..
CO2 emissions (kt),EN.ATM.CO2E.KT,Solomon Islands,SLB,342.8,355.9,355.6,389,340.7,304.1,298.1,295,300.9,304.8,223.3,..,..
CO2 emissions (kt),EN.ATM.CO2E.KT,Somalia,SOM,631.2,632.5,625.7,649.4,645.9,646.2,654.4,654.9,656.1,655.7,660.4,..,..
CO2 emissions (kt),EN.ATM.CO2E.KT,South Africa,ZAF,425548.4,409480.3,427001.7,437261.7,448298.1,425063.1,425682.9,435214.5,439644.6,446626,393241.6,..,..
CO2 emissions (kt),EN.ATM.CO2E.KT,South Sudan,SSD,1313.250224,1281.212289,1418.6,1453.1,1519.6,1969.4,1730.2,1512.1,1768.9,1824.6,1742.7,..,..
CO2 emissions (kt),EN.ATM.CO2E.KT,Spain,ESP,274140.6,275470.1,270280.4,243794.9,241979.9,257251.2,248252.1,264723.7,258373.2,241886.5,202705.8,..,..
CO2 emissions (kt),EN.ATM.CO2E.KT,Sri Lanka,LKA,13071.8,15410.2,17440.4,14448.4,17458.3,19240.9,23167.6,23140.5,21690.3,23427.9,21846.3,..,..
CO2 emissions (kt),EN.ATM.CO2E.KT,St. Kitts and Nevis,KNA,229.2,236.4,229.1,227.2,228.4,237.6,244.6,243,245.2,247.5,231,..,..
CO2 emissions (kt),EN.ATM.CO2E.KT,St. Lucia,LCA,507.7,501.6,507,506.4,505.9,501.2,505.5,530.9,527.9,534.6,499.2,..,..
CO2 emissions (kt),EN.ATM.CO2E.KT,St. Martin (French part),MAF,..,..,..,..,..,..,..,..,..,..,..,..,..
CO2 emissions (kt),EN.ATM.CO2E.KT,St. Vincent and the Grenadines,VCT,233.6,224.9,240.8,226.3,267.5,246.5,255.2,225.1,252.3,235.1,219.8,..,..
CO2 emissions (kt),EN.ATM.CO2E.KT,Sudan,SDN,16427.4,15936.6,15806.3,15853.2,16658.5,19259.2,21503.1,21579.5,21670.3,22131.5,20796.1,..,..
CO2 emissions (kt),EN.ATM.CO2E.KT,Suriname,SUR,1744.87,1952.73,2441.63,2289.81,2620,2724.1,2954.886,2444.33,2146.53,2656.82,2601.32,..,..
CO2 emissions (kt),EN.ATM.CO2E.KT,Sweden,SWE,47985.5,44452,41996.6,40388.1,38993,39120.1,38691.2,38168.2,35915.9,34964.6,33576.1,..,..
CO2 emissions (kt),EN.ATM.CO2E.KT,Switzerland,CHE,45207.8,41192.3,42516.6,43531.2,39793.3,39090.8,39666.5,38699,37481.3,37376.3,34916.1,..,..
CO2 emissions (kt),EN.ATM.CO2E.KT,Syrian Arab Republic,SYR,61090.7,57562.5,45039.2,30696.6,26603.9,25260.7,24479.1,25794.4,28303.1,26840.4,25234.6,..,..
CO2 emissions (kt),EN.ATM.CO2E.KT,Tajikistan,TJK,2446.9,2564.2,3015.2,3195.1,4583.6,4904.8,5496.7,6757.7,8097.3,8965.7,9328.8,..,..
CO2 emissions (kt),EN.ATM.CO2E.KT,Tanzania,TZA,6909.9,8019.7,9587.9,10698,10108,10765.9,10646.9,11659.3,12018.9,14960.8,14435.5,..,..
CO2 emissions (kt),EN.ATM.CO2E.KT,Thailand,THA,240768.3,238968.5,256286,264681,261377,268853.3,267916.3,267137.1,264483.6,274466.7,265478.9,..,..
CO2 emissions (kt),EN.ATM.CO2E.KT,Timor-Leste,TLS,244.1,252.4,300.4,364.4,449.8,437.2,518.9,561.8,510.1,617.6,446.1,..,..
CO2 emissions (kt),EN.ATM.CO2E.KT,Togo,TGO,2630.1,2515.6,2235.8,1749,1588.5,1825.6,2305.6,2018.7,2189.9,2442.3,2415.1,..,..
CO2 emissions (kt),EN.ATM.CO2E.KT,Tonga,TON,117.7,107.4,109.3,114.7,113.4,109.9,123.9,132.9,134.2,161.5,118.1,..,..
CO2 emissions (kt),EN.ATM.CO2E.KT,Trinidad and Tobago,TTO,21443,22243,21497.2,22186.3,22014.2,21310.6,18291.6,18224.7,17763.7,17195.3,15420,..,..
CO2 emissions (kt),EN.ATM.CO2E.KT,Tunisia,TUN,28321.5,26717.4,29106.2,28601.9,30976,31627.4,30317.8,30742.6,31023.1,31045,29293,..,..
CO2 emissions (kt),EN.ATM.CO2E.KT,Turkiye,TUR,297814,318641.2,329797.8,319088.6,341671.5,353413.8,376399,418098.2,414111.9,398772.9,407406.2,..,..
CO2 emissions (kt),EN.ATM.CO2E.KT,Turkmenistan,TKM,59175.1,65076.7,66758.5,63791.5,62189,63777.6,64079.5,63871.6,63317.6,63231.8,63655,..,..
CO2 emissions (kt),EN.ATM.CO2E.KT,Turks and Caicos Islands,TCA,..,..,..,..,..,..,..,..,..,..,..,..,..
CO2 emissions (kt),EN.ATM.CO2E.KT,Tuvalu,TUV,9.6,10.2,9.8,8.7,8.5,7.7,7.5,7.7,8.8,8.9,6.6,..,..
CO2 emissions (kt),EN.ATM.CO2E.KT,Uganda,UGA,3332,3744.2,3777.1,3694.3,4112.2,4712.1,4946.3,5172,5866.6,5943,5674.6,..,..
CO2 emissions (kt),EN.ATM.CO2E.KT,Ukraine,UKR,268924.6,283342.4,277110.2,270268.7,237728.7,191067.8,201655.4,174938.3,185623.8,174599.9,165663.6,..,..
CO2 emissions (kt),EN.ATM.CO2E.KT,United Arab Emirates,ARE,162788.9,166631.5,175687.9,184960.8,186639.8,195409.4,200398.5,191935,174220.3,185645.7,188088.7,..,..
CO2 emissions (kt),EN.ATM.CO2E.KT,United Kingdom,GBR,482646.2,445648.4,467831,453778.1,415609,401075.3,382154.9,366844.1,360555.9,345934.3,308650.3,..,..
CO2 emissions (kt),EN.ATM.CO2E.KT,United States,USA,5392109.4,5173591.2,4956053,5092097.2,5107208.6,4990703.7,4894499.2,4819365.1,4975300.4,4817710.4,4320532.5,..,..
CO2 emissions (kt),EN.ATM.CO2E.KT,Uruguay,URY,6283.8,7605.9,8517.7,7357.6,6500.4,6657.2,6525.1,6103.8,6545.7,6806.7,6514.3,..,..
CO2 emissions (kt),EN.ATM.CO2E.KT,Uzbekistan,UZB,126240.5,128633.7,113140.2,111856.5,104872.5,99358.2,105333.9,109708.5,112720.5,117687.8,115577.8,..,..
CO2 emissions (kt),EN.ATM.CO2E.KT,Vanuatu,VUT,127.1,134.2,120.5,111.9,158.9,134.3,151.3,141,177.5,166.9,121.3,..,..
CO2 emissions (kt),EN.ATM.CO2E.KT,"Venezuela, RB",VEN,164101.6,160039.6,181128.8,180422.6,179236.1,163126.9,150466.7,139787.4,130158,107502.3,72509,..,..
CO2 emissions (kt),EN.ATM.CO2E.KT,Vietnam,VNM,151413.5,155973.3,155522.8,164297.4,180698.8,201513.3,222028.5,229877.4,286139.3,341716.8,355323.1,..,..
CO2 emissions (kt),EN.ATM.CO2E.KT,Virgin Islands (U.S.),VIR,..,..,..,..,..,..,..,..,..,..,..,..,..
CO2 emissions (kt),EN.ATM.CO2E.KT,West Bank and Gaza,PSE,..,..,..,..,..,..,..,..,..,..,..,..,..
CO2 emissions (kt),EN.ATM.CO2E.KT,"Yemen, Rep.",YEM,25431.9,22950.1,21012.5,27825,27429.9,13552.2,10035.2,9682.2,11349.8,11194.8,9960.1,..,..
CO2 emissions (kt),EN.ATM.CO2E.KT,Zambia,ZMB,2656.9,3050.7,4030.3,4238.6,4686,4956.6,5315.3,6810.7,7857.2,7615.7,7607.1,..,..
CO2 emissions (kt),EN.ATM.CO2E.KT,Zimbabwe,ZWE,9518,11357.6,11954.9,12216.8,12010.7,11988.7,10450.2,9781,11069.9,10185.3,8312.5,..,..
CO2 emissions (kt),EN.ATM.CO2E.KT,Africa Eastern and Southern,AFE,532614.140224,525337.889289,546775.865,568547.519,591680.972,576265.992,580219.242,590905.482,598720.9575,610723.5,544952.503,..,..
CO2 emissions (kt),EN.ATM.CO2E.KT,Africa Western and Central,AFW,159573.957,165498.4949,170350.67,186486.66,196343.63,194363.64,201399.22,200550.9,210618.89,222990.35,215915.61,..,..
CO2 emissions (kt),EN.ATM.CO2E.KT,Arab World,ARB,1533676.6,1567405.8,1674146.7,1706820.79,1766583.07,1809147.15,1827587.97,1843231.7,1826351.9,1845846.37,1765052.9,..,..
CO2 emissions (kt),EN.ATM.CO2E.KT,Caribbean small states,CSS,38301.47,39660.78,39118.25,40477.58,40085.4586,39284.4,37223.056,36313.3,37801.5,37614.99,32776.99,..,..
CO2 emissions (kt),EN.ATM.CO2E.KT,Central Europe and the Baltics,CEB,708417.9,709498.9,682324.9,655837.7,635436.5,644756,656753.9,684083.3,678446.5,643612.1,598490.02,..,..
CO2 emissions (kt),EN.ATM.CO2E.KT,Early-demographic dividend,EAR,5857230.62,6085825.117,6383658.605,6455704.659,6781898.692,6839149.542,6951805.908,7211474.182,7382656.3575,7347348.73,6805648.307,..,..
CO2 emissions (kt),EN.ATM.CO2E.KT,East Asia & Pacific,EAS,11863420.2,12805112.1,13143266.3,13591102.73,13640572.8,13510201.2,13550289.3,13869889,14437176.3,14703257.4,14708135.6,..,..
CO2 emissions (kt),EN.ATM.CO2E.KT,East Asia & Pacific (excluding high income),EAP,9654293.1,10515988.7,10809799.3,11252643.83,11372410.3,11254077.3,11291996,11608128.4,12214599.4,12535996.7,12660698.2,..,..
CO2 emissions (kt),EN.ATM.CO2E.KT,East Asia & Pacific (IDA & IBRD countries),TEA,9602646,10478929.9,10771358,11225062.03,11341237.6,11229030.3,11263921,11553898.4,12164532.1,12480501.7,12608302.4,..,..
CO2 emissions (kt),EN.ATM.CO2E.KT,Euro area,EMU,2502105.4,2412403.2,2382523.5,2333241.5,2209017.5,2256390.7,2256275,2259522.6,2202668.9,2095558.337,1872835.52,..,..
CO2 emissions (kt),EN.ATM.CO2E.KT,Europe & Central Asia,ECS,6579733.278439,6594980.407993,6524680.837447,6386728.464887,6104308.52317,6073951.401794,6099478.730256,6166584.297397,6177967.890403,6034379.546716,5641772.700492,..,..
CO2 emissions (kt),EN.ATM.CO2E.KT,Europe & Central Asia (excluding high income),ECA,2840620.8,2997334.1,2959664.3,2904794.2,2811027.4,2739709.6,2771362.1,2832835,2913541,2922190.2,2830714.8,..,..
CO2 emissions (kt),EN.ATM.CO2E.KT,Europe & Central Asia (IDA & IBRD countries),TEC,3251419.1,3411004.8,3362262.5,3292199.8,3184532.8,3118703.7,3159626.5,3237220.9,3316919.5,3307604.6,3194229.5,..,..
CO2 emissions (kt),EN.ATM.CO2E.KT,European Union,EUU,3215802.7,3121388.9,3061105,2984329.5,2839976.1,2897317.9,2907404,2932145.5,2867932,2729768.437,2465025.42,..,..
CO2 emissions (kt),EN.ATM.CO2E.KT,Fragile and conflict affected situations,FCS,883972.857224,887772.307189,927721.76,943408.52,918574.88,834153.97,845830.84,837379.39,866573.51,854476.82,759327.426,..,..
CO2 emissions (kt),EN.ATM.CO2E.KT,Heavily indebted poor countries (HIPC),HPC,143523.907,155242.9249,164030.6,172090.18,182498.5086,194550.88,204997.72,212449.09,221875.68,235656.82,224996.636,..,..
CO2 emissions (kt),EN.ATM.CO2E.KT,High income,HIC,12887172.878439,12666917.357993,12522106.257447,12611681.634887,12411919.08177,12370867.601794,12276032.900256,12200901.367397,12221420.260403,11869050.116716,10864997.070492,..,..
CO2 emissions (kt),EN.ATM.CO2E.KT,IBRD only,IBD,17493003.36,18681912.707,19248774.835,19792020.549,20038180.862,19836736.512,19913335.898,20409330.842,21214156.1175,21462940.42,20952613.307,..,..
CO2 emissions (kt),EN.ATM.CO2E.KT,IDA & IBRD total,IBT,18195832.897224,19410301.744189,19971471.635,20532522.319,20808546.9406,20620384.742,20755543.988,21305472.432,22135333.6975,22406640.81,21862973.943,..,..
CO2 emissions (kt),EN.ATM.CO2E.KT,IDA blend,IDB,400194.95,411020.57,397276.85,413788.91,425235.4,425262.9,451539.2,471480.4,470381.4,478944.6,465301.4,..,..
CO2 emissions (kt),EN.ATM.CO2E.KT,IDA only,IDX,302634.587224,317368.467189,325419.95,326712.86,345130.6786,358385.33,390668.89,424661.19,450796.18,464755.79,445059.236,..,..
CO2 emissions (kt),EN.ATM.CO2E.KT,IDA total,IDA,702829.537224,728389.037189,722696.8,740501.77,770366.0786,783648.23,842208.09,896141.59,921177.58,943700.39,910360.636,..,..
CO2 emissions (kt),EN.ATM.CO2E.KT,Late-demographic dividend,LTE,12652493.224,13619083.75,13934530.3,14412246.33,14427628.7886,14263640.03,14269982.4,14577571.8,15162115.4,15468044.3,15488347.62,..,..
CO2 emissions (kt),EN.ATM.CO2E.KT,Latin America & Caribbean,LCN,1570608.87,1635034.92,1707709.79,1752196.84,1760980.0986,1750693.94,1710227.796,1685948.34,1633570.34,1620695.03,1438080.03,..,..
CO2 emissions (kt),EN.ATM.CO2E.KT,Latin America & Caribbean (excluding high income),LAC,1293925.57,1352458.47,1401130.17,1442058.97,1459341.64,1460444.24,1431232.126,1417992.07,1375196.37,1376833.06,1242200.06,..,..
CO2 emissions (kt),EN.ATM.CO2E.KT,Latin America & the Caribbean (IDA & IBRD countries),TLA,1539037.97,1603749.37,1675156.97,1719082.27,1730502.0286,1718007.17,1679719.926,1656356.87,1602830.17,1592486.56,1410200.16,..,..
CO2 emissions (kt),EN.ATM.CO2E.KT,Least developed countries: UN classification,LDC,210097.687224,223558.967189,234517.25,255682.26,275307.09,286660.2,313185.29,339806.49,359297.88,370595.59,351230.476,..,..
CO2 emissions (kt),EN.ATM.CO2E.KT,Low & middle income,LMY,17591125.597224,18781990.744189,19332864.235,19895263.019,20194597.152,20008374.912,20146301.188,20716381.032,21553786.3975,21860472.61,21383256.243,..,..
CO2 emissions (kt),EN.ATM.CO2E.KT,Low income,LIC,196253.707224,181921.827189,170273.61,155154.11,160504.78,144653.01,149210.28,179017.85,183120.34,191195.28,179664.936,..,..
CO2 emissions (kt),EN.ATM.CO2E.KT,Lower middle income,LMC,3744660.33,3916449.71,4116165.79,4244071.39,4483108.91,4515567.19,4664838.81,4856633.84,5105467.74,5122757.31,4819595.8,..,..
CO2 emissions (kt),EN.ATM.CO2E.KT,Middle East & North Africa,MEA,2128654.5,2172950.6,2293100.1,2341101.89,2419002.47,2453243.85,2476429.97,2511165.4,2500417.4,2508614.57,2416064.9,..,..
CO2 emissions (kt),EN.ATM.CO2E.KT,Middle East & North Africa (excluding high income),MNA,1231947.5,1238709.1,1297696.5,1327780.49,1360355.17,1349815.45,1367274.87,1422054.5,1449693.5,1439681.67,1370939,..,..
CO2 emissions (kt),EN.ATM.CO2E.KT,Middle East & North Africa (IDA & IBRD countries),TMN,1231947.5,1238709.1,1297696.5,1327780.49,1360355.17,1349815.45,1367274.87,1422054.5,1449693.5,1439681.67,1370939,..,..
CO2 emissions (kt),EN.ATM.CO2E.KT,Middle income,MIC,17394871.89,18600068.917,19162590.625,19740108.909,20034092.372,19863721.902,19997090.908,20537363.182,21370666.0575,21669277.33,21203591.307,..,..
CO2 emissions (kt),EN.ATM.CO2E.KT,North America,NAC,5929200.9,5722961.1,5502344.6,5647839.6,5668969.1,5549450.9,5451373.3,5387541,5554874.3,5383712.2,4837406.2,..,..
CO2 emissions (kt),EN.ATM.CO2E.KT,Not classified,INX,..,..,..,..,..,..,..,..,..,..,..,..,..
CO2 emissions (kt),EN.ATM.CO2E.KT,OECD members,OED,12694352.824,12466751.55,12291173.7,12351197.8,12116786.2,12052715.4,11985558.6,11958269.6,11984150.1,11605058.237,10570775.72,..,..
CO2 emissions (kt),EN.ATM.CO2E.KT,Other small states,OSS,156681.794,165799.027,171440.705,177358.399,185899.332,184664.262,188833.482,191127.612,190905.4875,189059.37,181678.207,..,..
CO2 emissions (kt),EN.ATM.CO2E.KT,Pacific island small states,PSS,2473.7,2426.8,2380,2500.9,2656,2659.4,2637,2800.6,2895.3,2959.2,2178,..,..
CO2 emissions (kt),EN.ATM.CO2E.KT,Post-demographic dividend,PST,11794117.9,11547695.05,11341919.52,11411367.77,11155172.57,11014655.47,10907463.37,10811083.27,10882237.97,10513545.907,9555830.37,..,..
CO2 emissions (kt),EN.ATM.CO2E.KT,Pre-demographic dividend,PRE,336938.477224,354783.027189,374390.53,406440.33,419480.76,423347.77,441959.88,455350.45,476743.54,506463.28,469494.036,..,..
CO2 emissions (kt),EN.ATM.CO2E.KT,Small states,SST,197456.964,207886.607,212938.955,220336.879,228640.7906,226608.062,228693.538,230241.512,231602.2875,229633.56,216633.197,..,..
CO2 emissions (kt),EN.ATM.CO2E.KT,South Asia,SAS,1878594.23,1987072.19,2147871.13,2213363.55,2403894.74,2434198.49,2503383.23,2644485.38,2792018.58,2752652.43,2518434.77,..,..
CO2 emissions (kt),EN.ATM.CO2E.KT,South Asia (IDA & IBRD),TSA,1878594.23,1987072.19,2147871.13,2213363.55,2403894.74,2434198.49,2503383.23,2644485.38,2792018.58,2752652.43,2518434.77,..,..
CO2 emissions (kt),EN.ATM.CO2E.KT,Sub-Saharan Africa,SSF,692188.097224,690836.384189,717126.535,755034.179,788024.602,770629.632,781618.462,791456.382,809339.8475,833713.85,760868.113,..,..
CO2 emissions (kt),EN.ATM.CO2E.KT,Sub-Saharan Africa (excluding high income),SSA,691744.397224,690428.184189,716702.835,754621.979,787567.902,770129.832,781052.862,790885.682,808737.5475,833118.55,760269.413,..,..
CO2 emissions (kt),EN.ATM.CO2E.KT,Sub-Saharan Africa (IDA & IBRD countries),TSS,692188.097224,690836.384189,717126.535,755034.179,788024.602,770629.632,781618.462,791456.382,809339.8475,833713.85,760868.113,..,..
CO2 emissions (kt),EN.ATM.CO2E.KT,Upper middle income,UMC,13650211.56,14683619.207,15046424.835,15496037.519,15550983.462,15348154.712,15332252.098,15680729.342,16265198.3175,16546520.02,16383995.507,..,..
CO2 emissions (kt),EN.ATM.CO2E.KT,World,WLD,32095872.94,33079721.35,33460087.5,34119894.39,34261369.66,34070176.85,34145652.3,34687837.09,35560555.79,35477245.4,33566427.59,..,..
,,,,,,,,,,,,,,,,
,,,,,,,,,,,,,,,,
,,,,,,,,,,,,,,,,
Data from database: World Development Indicators,,,,,,,,,,,,,,,,
Last Updated: 09/19/2023,,,,,,,,,,,,,,,,
